<?xml version="1.0" encoding="UTF-8"?>

<!DOCTYPE tiles-definitions PUBLIC "-//Apache Software Foundation//DTD Tiles Configuration 2.1//EN" "http://tiles.apache.org/dtds/tiles-config_2._1.dtd">

<tiles-definitions>

	<definition name="*.*" template="/WEB-INF/views/layout/mherpLayout.jsp">
		<put-attribute name="asset" value="/WEB-INF/views/inc/asset.jsp"></put-attribute>
		<put-attribute name="header" value="/WEB-INF/views/inc/header.jsp"></put-attribute>
		<put-attribute name="side" value="/WEB-INF/views/inc/menu.jsp"></put-attribute>
		<put-attribute name="content" value="/WEB-INF/views/content/{1}/{2}.jsp"></put-attribute>
	</definition>

</tiles-definitions>
